 ,driverId,pitStopLapNumber,tyre,age
1110,verstappen,0,soft,new
1110,verstappen,14,medium,new
1110,verstappen,30,soft,new
1110,perez,0,soft,new
1110,perez,13,medium,new
1110,perez,29,soft,new
1110,leclerc,0,soft,new
1110,leclerc,13,medium,new
1110,leclerc,28,soft,new
1110,ham,0,soft,new
1110,ham,12,medium,new
1110,ham,27,soft,new
1110,ham,42,medium,new
1110,alonso,0,medium,new
1110,alonso,10,medium,new
1110,alonso,29,soft,new
1110,russell,0,medium,new
1110,russell,22,soft,new
1110,norris,0,medium,new
1110,norris,5,hard,new
1110,norris,17,soft,new
1110,ocon,0,soft,new
1110,ocon,6,medium,new
1110,ocon,25,soft,new
1110,stroll,0,medium,new
1110,stroll,20,soft,new
1110,tsunoda,0,medium,new
1110,tsunoda,9,medium,new
1110,tsunoda,24,soft,new
1110,gasly,0,soft,new
1110,gasly,23,medium,new
1110,bot,0,soft,new
1110,bot,6,medium,new
1110,bot,24,medium,new
1110,zhou,0,soft,new
1110,zhou,7,medium,new
1110,zhou,25,soft,new
1110,albon,0,soft,new
1110,albon,7,medium,new
1110,albon,23,medium,new
1110,albon,33,soft,new
1110,magnussen,0,soft,new
1110,magnussen,5,medium,new
1110,magnussen,25,medium,new
1110,ricciardo,0,soft,new
1110,ricciardo,5,medium,new
1110,ricciardo,22,medium,new
1110,sargeant,0,soft,new
1110,sargeant,8,medium,new
1110,sargeant,24,medium,new
1110,sargeant,34,soft,new
1110,hulkenberg,0,medium,new
1110,hulkenberg,12,soft,new
1110,hulkenberg,24,soft,new
1110,sainz,0,soft,new
1110,sainz,7,medium,new
1110,sainz,23,dnf,dnf
1110,piastri,0,medium,new
1110,piastri,0,dnf,dnf
1109,verstappen,0,medium,used
1109,verstappen,23,hard,new
1109,verstappen,51,medium,used
1109,norris,0,medium,new
1109,norris,17,hard,new
1109,norris,44,medium,used
1109,perez,0,hard,used
1109,perez,24,medium,used
1109,perez,42,medium,used
1109,ham,0,medium,used
1109,ham,16,hard,new
1109,ham,49,medium,used
1109,piastri,0,medium,used
1109,piastri,18,hard,new
1109,piastri,42,medium,used
1109,russell,0,hard,new
1109,russell,28,medium,new
1109,russell,46,medium,new
1109,leclerc,0,medium,used
1109,leclerc,17,hard,new
1109,leclerc,43,hard,used
1109,sainz,0,soft,new
1109,sainz,15,hard,new
1109,sainz,44,hard,used
1109,alonso,0,medium,used
1109,alonso,20,hard,new
1109,alonso,43,hard,used
1109,stroll,0,soft,new
1109,stroll,9,hard,used
1109,stroll,34,hard,used
1109,albon,0,medium,new
1109,albon,8,hard,used
1109,albon,31,hard,new
1109,bot,0,medium,used
1109,bot,9,hard,used
1109,bot,40,hard,used
1109,ricciardo,0,medium,used
1109,ricciardo,18,hard,used
1109,ricciardo,29,medium,used
1109,hulkenberg,0,medium,used
1109,hulkenberg,16,hard,used
1109,hulkenberg,38,hard,used
1109,tsunoda,0,soft,new
1109,tsunoda,9,hard,used
1109,tsunoda,44,medium,new
1109,zhou,0,medium,used
1109,zhou,10,hard,used
1109,zhou,38,hard,used
1109,magnussen,0,medium,new
1109,magnussen,14,hard,used
1109,magnussen,41,hard,used
1109,sargeant,0,medium,new
1109,sargeant,13,hard,used
1109,sargeant,34,hard,new
1109,ocon,0,medium,used
1109,ocon,2,dnf,dnf
1109,gasly,0,soft,new
1109,gasly,1,dnf,dnf
1108,verstappen,0,medium,new
1108,verstappen,33,soft,used
1108,norris,0,medium,new
1108,norris,33,hard,new
1108,ham,0,medium,new
1108,ham,33,soft,used
1108,piastri,0,medium,new
1108,piastri,29,hard,new
1108,russell,0,soft,used
1108,russell,28,medium,new
1108,perez,0,medium,new
1108,perez,28,soft,new
1108,alonso,0,medium,used
1108,alonso,33,soft,used
1108,albon,0,medium,new
1108,albon,32,soft,used
1108,leclerc,0,medium,new
1108,leclerc,18,hard,new
1108,leclerc,32,medium,new
1108,sainz,0,medium,new
1108,sainz,26,hard,new
1108,sargeant,0,medium,new
1108,sargeant,29,soft,new
1108,bot,0,hard,new
1108,bot,32,soft,new
1108,hulkenberg,0,hard,new
1108,hulkenberg,7,medium,new
1108,hulkenberg,32,soft,new
1108,stroll,0,medium,used
1108,stroll,31,soft,used
1108,zhou,0,medium,new
1108,zhou,24,hard,new
1108,zhou,33,soft,new
1108,tsunoda,0,soft,new
1108,tsunoda,14,hard,new
1108,tsunoda,32,soft,new
1108,devries,0,soft,new
1108,devries,27,medium,new
1108,devries,32,soft,new
1108,gasly,0,medium,new
1108,gasly,31,soft,used
1108,gasly,46,dnf,dnf
1108,magnussen,0,medium,new
1108,magnussen,31,dnf,dnf
1108,ocon,0,soft,new
1108,ocon,9,dnf,dnf
1107,verstappen,0,medium,new
1107,verstappen,24,hard,new
1107,verstappen,49,medium,new
1107,verstappen,69,soft,used
1107,leclerc,0,medium,new
1107,leclerc,15,medium,new
1107,leclerc,47,hard,new
1107,perez,0,medium,new
1107,perez,25,medium,new
1107,perez,50,hard,new
1107,sainz,0,medium,new
1107,sainz,15,medium,new
1107,sainz,45,hard,new
1107,norris,0,medium,new
1107,norris,14,hard,new
1107,norris,41,hard,new
1107,alonso,0,hard,new
1107,alonso,15,medium,used
1107,alonso,44,medium,new
1107,ham,0,medium,new
1107,ham,14,hard,new
1107,ham,42,medium,new
1107,russell,0,medium,new
1107,russell,14,hard,new
1107,russell,41,medium,new
1107,gasly,0,medium,new
1107,gasly,14,hard,new
1107,gasly,44,medium,new
1107,stroll,0,medium,new
1107,stroll,15,hard,used
1107,stroll,36,hard,new
1107,stroll,54,medium,new
1107,albon,0,medium,new
1107,albon,14,hard,new
1107,albon,41,hard,new
1107,ocon,0,medium,new
1107,ocon,14,hard,new
1107,ocon,40,hard,new
1107,sargeant,0,medium,new
1107,sargeant,14,hard,new
1107,sargeant,43,hard,new
1107,zhou,0,medium,new
1107,zhou,8,hard,new
1107,zhou,38,hard,new
1107,devries,0,medium,new
1107,devries,12,hard,new
1107,devries,37,medium,new
1107,bot,0,hard,new
1107,bot,21,medium,new
1107,bot,40,hard,new
1107,piastri,0,medium,new
1107,piastri,14,hard,new
1107,piastri,22,hard,new
1107,piastri,41,medium,new
1107,tsunoda,0,medium,new
1107,tsunoda,1,hard,new
1107,tsunoda,23,hard,new
1107,tsunoda,43,medium,new
1107,magnussen,0,hard,new
1107,magnussen,15,medium,new
1107,magnussen,36,hard,new
1107,magnussen,54,hard,used
1107,hulkenberg,0,medium,used
1107,hulkenberg,11,hard,new
1107,hulkenberg,12,dnf,dnf
1106,verstappen,0,medium,new
1106,verstappen,12,hard,new
1106,verstappen,42,medium,new
1106,alonso,0,medium,new
1106,alonso,12,hard,new
1106,alonso,41,hard,new
1106,ham,0,medium,new
1106,ham,12,hard,new
1106,ham,40,medium,new
1106,leclerc,0,medium,new
1106,leclerc,39,hard,new
1106,sainz,0,medium,new
1106,sainz,38,hard,new
1106,perez,0,hard,new
1106,perez,37,medium,new
1106,perez,68,soft,new
1106,albon,0,medium,used
1106,albon,12,hard,new
1106,ocon,0,medium,new
1106,ocon,12,hard,new
1106,ocon,36,hard,new
1106,stroll,0,medium,new
1106,stroll,11,hard,used
1106,stroll,27,hard,new
1106,bot,0,hard,new
1106,bot,36,medium,new
1106,piastri,0,medium,new
1106,piastri,12,hard,new
1106,piastri,37,hard,used
1106,gasly,0,soft,new
1106,gasly,10,hard,used
1106,gasly,33,hard,new
1106,norris,0,medium,new
1106,norris,12,hard,new
1106,norris,35,hard,used
1106,tsunoda,0,medium,new
1106,tsunoda,1,hard,new
1106,tsunoda,34,hard,new
1106,hulkenberg,0,medium,new
1106,hulkenberg,7,hard,new
1106,hulkenberg,31,hard,new
1106,zhou,0,medium,new
1106,zhou,12,hard,new
1106,zhou,32,hard,new
1106,magnussen,0,hard,new
1106,magnussen,35,medium,new
1106,magnussen,53,medium,new
1106,devries,0,medium,new
1106,devries,11,hard,new
1106,devries,50,hard,new
1106,russell,0,medium,new
1106,russell,12,hard,new
1106,russell,53,dnf,dnf
1106,sargeant,0,medium,new
1106,sargeant,6,dnf,dnf
1105,verstappen,0,medium,new
1105,verstappen,26,hard,new
1105,verstappen,52,soft,used
1105,ham,0,soft,used
1105,ham,24,medium,new
1105,ham,50,soft,used
1105,russell,0,soft,new
1105,russell,25,medium,new
1105,russell,45,soft,used
1105,perez,0,medium,new
1105,perez,27,hard,new
1105,perez,50,soft,new
1105,sainz,0,soft,used
1105,sainz,15,medium,new
1105,sainz,41,hard,new
1105,stroll,0,soft,used
1105,stroll,14,soft,used
1105,stroll,34,hard,used
1105,alonso,0,soft,used
1105,alonso,19,soft,used
1105,alonso,44,hard,used
1105,ocon,0,soft,used
1105,ocon,13,medium,new
1105,ocon,35,hard,new
1105,zhou,0,soft,new
1105,zhou,9,hard,new
1105,zhou,36,hard,new
1105,gasly,0,soft,used
1105,gasly,19,medium,new
1105,gasly,39,hard,new
1105,leclerc,0,hard,new
1105,leclerc,16,soft,new
1105,leclerc,41,hard,new
1105,tsunoda,0,soft,new
1105,tsunoda,10,hard,new
1105,tsunoda,34,medium,new
1105,piastri,0,soft,used
1105,piastri,17,hard,new
1105,piastri,39,medium,new
1105,devries,0,soft,new
1105,devries,9,hard,new
1105,devries,38,medium,new
1105,hulkenberg,0,soft,used
1105,hulkenberg,8,medium,new
1105,hulkenberg,26,hard,new
1105,hulkenberg,43,medium,new
1105,albon,0,soft,new
1105,albon,16,medium,new
1105,albon,37,hard,new
1105,norris,0,soft,used
1105,norris,1,hard,new
1105,norris,22,medium,new
1105,norris,50,soft,used
1105,magnussen,0,soft,new
1105,magnussen,10,medium,new
1105,magnussen,24,hard,new
1105,magnussen,42,medium,new
1105,bot,0,soft,new
1105,bot,5,hard,new
1105,bot,39,hard,new
1105,sargeant,0,medium,new
1105,sargeant,7,hard,new
1105,sargeant,36,hard,new
1104,verstappen,0,medium,new
1104,verstappen,55,inter,new
1104,alonso,0,hard,used
1104,alonso,54,medium,new
1104,alonso,55,inter,new
1104,ocon,0,medium,new
1104,ocon,32,hard,new
1104,ocon,54,inter,new
1104,ham,0,medium,new
1104,ham,31,hard,new
1104,ham,54,inter,new
1104,russell,0,hard,new
1104,ocon,54,inter,new
1104,leclerc,0,hard,new
1104,leclerc,44,medium,new
1104,leclerc,55,inter,new
1104,gasly,0,hard,new
1104,gasly,47,medium,new
1104,gasly,54,inter,new
1104,sainz,0,hard,new
1104,sainz,33,medium,new
1104,sainz,55,inter,new
1104,norris,0,medium,new
1104,norris,50,hard,new
1104,norris,54,inter,new
1104,piastri,0,hard,new
1104,piastri,54,inter,new
1104,bot,0,hard,new
1104,bot,51,inter,new
1104,devries,0,medium,new
1104,devries,53,inter,new
1104,zhou,0,soft,new
1104,zhou,1,hard,new
1104,zhou,52,inter,new
1104,albon,0,medium,new
1104,albon,18,hard,new
1104,albon,52,inter,new
1104,tsunoda,0,medium,new
1104,tsunoda,53,inter,new
1104,perez,0,medium,new
1104,perez,1,hard,new
1104,perez,34,medium,used
1104,perez,53,inter,new
1104,perez,57,wet,new
1104,perez,70,inter,new
1104,hulkenberg,0,medium,new
1104,hulkenberg,1,hard,new
1104,hulkenberg,54,inter,new
1104,hulkenberg,59,wet,new
1104,sargeant,0,medium,new
1104,sargeant,20,hard,new
1104,sargeant,23,soft,new
1104,sargeant,52,inter,new
1104,magnussen,0,hard,new
1104,magnussen,56,wet,new
1104,magnussen,70,dnf,dnf
1104,stroll,0,hard,used
1104,stroll,51,inter,new
1104,stroll,53,dnf,dnf
1102,verstappen,0,hard,new
1102,verstappen,45,medium,new
1102,perez,0,medium,new
1102,perez,20,hard,new
1102,alonso,0,medium,used
1102,alonso,24,hard,used
1102,russell,0,medium,new
1102,russell,17,hard,new
1102,sainz,0,medium,new
1102,sainz,18,hard,new
1102,ham,0,hard,used
1102,ham,37,medium,new
1102,leclerc,0,medium,new
1102,leclerc,17,hard,new
1102,gasly,0,medium,new
1102,gasly,15,hard,new
1102,ocon,0,hard,new
1102,ocon,39,medium,new
1102,magnussen,0,medium,new
1102,magnussen,14,hard,new
1102,tsunoda,0,hard,new
1102,tsunoda,36,medium,new
1102,stroll,0,hard,used
1102,stroll,42,medium,used
1102,bot,0,medium,new
1102,bot,15,hard,new
1102,albon,0,medium,new
1102,albon,22,hard,new
1102,hulkenberg,0,hard,new
1102,hulkenberg,33,medium,new
1102,zhou,0,hard,new
1102,zhou,31,medium,new
1102,norris,0,soft,new
1102,norris,4,hard,new
1102,devries,0,medium,new
1102,devries,15,hard,new
1102,piastri,0,soft,new
1102,piastri,5,hard,new
1102,sargeant,0,medium,new
1102,sargeant,2,hard,new
1101,perez,0,medium,new
1101,perez,11,hard,new
1101,verstappen,0,medium,new
1101,verstappen,10,hard,new
1101,leclerc,0,medium,new
1101,leclerc,11,hard,new
1101,alonso,0,medium,used
1101,alonso,11,hard,used
1101,sainz,0,medium,new
1101,sainz,11,hard,new
1101,ham,0,medium,new
1101,ham,9,hard,new
1101,stroll,0,medium,used
1101,stroll,11,hard,used
1101,russell,0,medium,new
1101,russell,11,hard,new
1101,russell,49,soft,new
1101,norris,0,medium,new
1101,norris,9,hard,new
1101,tsunoda,0,medium,new
1101,tsunoda,8,hard,used
1101,piastri,0,medium,new
1101,piastri,8,hard,new
1101,albon,0,medium,new
1101,albon,7,hard,new
1101,magnussen,0,medium,new
1101,magnussen,10,hard,new
1101,gasly,0,medium,new
1101,gasly,5,hard,new
1101,gasly,23,hard,new
1101,ocon,0,hard,new
1101,ocon,50,soft,new
1101,sargeant,0,medium,new
1101,sargeant,8,hard,new
1101,hulkenberg,0,hard,new
1101,hulkenberg,49,soft,new
1101,bot,0,medium,new
1101,bot,6,hard,new
1101,bot,12,hard,new
1101,bot,34,medium,new
1101,zhou,0,medium,new
1101,zhou,11,hard,new
1101,zhou,36,dnf,dnf
1101,devries,0,hard,used
1101,devries,9,dnf,dnf
1100,verstappen,0,medium,new
1100,verstappen,8,hard,new
1100,verstappen,55,soft,used
1100,verstappen,57,soft,used
1100,ham,0,medium,new
1100,ham,8,hard,new
1100,ham,55,soft,used
1100,ham,57,soft,used
1100,alonso,0,medium,used
1100,alonso,8,hard,new
1100,alonso,55,soft,used
1100,alonso,57,soft,used
1100,stroll,0,medium,used
1100,stroll,8,hard,new
1100,stroll,55,soft,used
1100,stroll,57,soft,used
1100,perez,0,hard,new
1100,perez,1,medium,used
1100,perez,2,hard,new
1100,perez,8,hard,used
1100,perez,55,soft,new
1100,perez,57,soft,new
1100,norris,0,medium,new
1100,norris,8,hard,new
1100,norris,55,soft,new
1100,norris,57,soft,used
1100,hulkenberg,0,medium,new
1100,hulkenberg,8,hard,new
1100,hulkenberg,55,soft,used
1100,hulkenberg,57,soft,used
1100,piastri,0,medium,new
1100,piastri,8,hard,new
1100,piastri,54,?,?
1100,piastri,55,soft,new
1100,piastri,57,soft,new
1100,zhou,0,soft,new
1100,zhou,1,hard,new
1100,zhou,54,?,?
1100,zhou,55,soft,new
1100,tsunoda,0,medium,new
1100,tsunoda,8,hard,new
1100,tsunoda,54,?,?
1100,tsunoda,55,soft,used
1100,tsunoda,57,soft,used
1100,bot,0,soft,new
1100,bot,1,hard,new
1100,bot,53,soft,new
1100,sainz,0,medium,used
1100,sainz,7,hard,new
1100,sainz,55,soft,used
1100,sainz,57,soft,used
1100,gasly,0,soft,new
1100,gasly,8,hard,new
1100,gasly,55,soft,used
1100,gasly,56,dnf,dnf
1100,ocon,0,soft,new
1100,ocon,1,hard,new
1100,ocon,55,soft,new
1100,ocon,56,dnf,dnf
1100,devries,0,hard,new
1100,devries,8,medium,new
1100,devries,45,soft,new
1100,devries,54,soft,used
1100,devries,56,dnf,dnf
1100,sargeant,0,hard,new
1100,sargeant,1,medium,used
1100,sargeant,2,hard,used
1100,sargeant,8,medium,new
1100,sargeant,36,hard,used
1100,sargeant,54,soft,new
1100,sargeant,56,dnf,dnf
1100,magnussen,0,medium,new
1100,magnussen,7,hard,new
1100,magnussen,52,dnf,dnf
1100,russell,0,medium,new
1100,russell,7,hard,new
1100,russell,17,dnf,dnf
1100,albon,0,medium,new
1100,albon,6,dnf,dnf
1100,leclerc,0,medium,new
1100,leclerc,0,dnf,dnf
1099,perez,0,medium,new
1099,perez,18,hard,new
1099,verstappen,0,medium,new
1099,verstappen,18,hard,new
1099,alonso,0,medium,new
1099,alonso,18,hard,used
1099,russell,0,medium,new
1099,russell,18,hard,new
1099,ham,0,hard,new
1099,ham,18,medium,new
1099,sainz,0,medium,new
1099,sainz,15,hard,new
1099,leclerc,0,soft,new
1099,leclerc,16,hard,new
1099,ocon,0,medium,new
1099,ocon,16,hard,new
1099,gasly,0,medium,new
1099,gasly,14,hard,new
1099,magnussen,0,medium,new
1099,magnussen,8,hard,new
1099,tsunoda,0,medium,new
1099,tsunoda,17,hard,new
1099,hulkenberg,0,medium,new
1099,hulkenberg,11,hard,new
1099,zhou,0,medium,new
1099,zhou,11,hard,new
1099,zhou,18,medium,new
1099,devries,0,medium,new
1099,devries,17,hard,new
1099,piastri,0,medium,new
1099,piastri,1,hard,new
1099,sargeant,0,hard,new
1099,sargeant,18,medium,new
1099,norris,0,soft,new
1099,norris,2,hard,new
1099,norris,19,medium,new
1099,bot,0,medium,new
1099,bot,9,hard,new
1099,bot,17,medium,new
1099,bot,35,soft,new
1099,albon,0,medium,new
1099,albon,17,hard,new
1099,albon,27,dnf,dnf
1099,stroll,0,medium,new
1099,stroll,13,hard,used
1099,stroll,16,dnf,dnf
1098,verstappen,0,soft,used
1098,verstappen,14,soft,used
1098,verstappen,36,hard,new
1098,perez,0,soft,used
1098,perez,17,soft,used
1098,perez,34,hard,new
1098,alonso,0,soft,used
1098,alonso,14,hard,new
1098,alonso,34,hard,new
1098,sainz,0,soft,used
1098,sainz,13,hard,new
1098,sainz,31,hard,new
1098,ham,0,soft,used
1098,ham,12,hard,new
1098,ham,30,hard,new
1098,stroll,0,soft,used
1098,stroll,15,hard,new
1098,stroll,30,hard,new
1098,russell,0,soft,used
1098,russell,13,hard,new
1098,russell,31,hard,new
1098,bot,0,soft,new
1098,bot,11,hard,new
1098,bot,29,hard,new
1098,gasly,0,soft,new
1098,gasly,9,hard,new
1098,gasly,25,hard,new
1098,gasly,40,soft,new
1098,albon,0,soft,new
1098,albon,11,soft,new
1098,albon,26,hard,new
1098,albon,40,soft,used
1098,tsunoda,0,soft,new
1098,tsunoda,10,hard,new
1098,tsunoda,26,hard,new
1098,tsunoda,40,soft,used
1098,sargeant,0,soft,new
1098,sargeant,12,soft,new
1098,sargeant,30,hard,new
1098,sargeant,40,soft,new
1098,magnussen,0,hard,new
1098,magnussen,15,hard,new
1098,magnussen,29,soft,new
1098,magnussen,40,soft,new
1098,devries,0,soft,new
1098,devries,11,hard,new
1098,devries,27,hard,new
1098,hulkenberg,0,soft,used
1098,hulkenberg,11,hard,new
1098,hulkenberg,26,hard,new
1098,hulkenberg,40,soft,used
1098,zhou,0,soft,new
1098,zhou,12,hard,new
1098,zhou,32,soft,used
1098,zhou,54,soft,used
1098,norris,0,soft,new
1098,norris,10,hard,new
1098,norris,17,soft,used
1098,norris,27,medium,new
1098,norris,37,hard,new
1098,norris,47,soft,used
1098,ocon,0,soft,used
1098,ocon,12,hard,new
1098,ocon,32,hard,new
1098,ocon,41,dnf,dnf
1098,leclerc,0,soft,new
1098,leclerc,13,hard,new
1098,leclerc,33,hard,new
1098,leclerc,39,dnf,dnf
1098,piastri,0,soft,new
1098,piastri,13,dnf,dnf
1096,verstappen,0,medium,new
1096,verstappen,20,hard,new
1096,leclerc,0,medium,new
1096,leclerc,21,hard,new
1096,perez,0,medium,new
1096,perez,15,hard,new
1096,perez,33,hard,new
1096,sainz,0,medium,new
1096,sainz,17,hard,new
1096,sainz,39,hard,new
1096,russell,0,medium,new
1096,russell,15,hard,new
1096,russell,39,medium,new
1096,norris,0,medium,new
1096,norris,15,hard,new
1096,norris,42,medium,new
1096,ocon,0,medium,new
1096,ocon,14,hard,new
1096,ocon,41,hard,new
1096,stroll,0,medium,new
1096,stroll,13,hard,used
1096,stroll,40,medium,used
1096,ricciardo,0,medium,new
1096,ricciardo,19,hard,new
1096,vettel,0,medium,new
1096,vettel,25,hard,used
1096,tsunoda,0,medium,new
1096,tsunoda,14,hard,new
1096,tsunoda,38,soft,new
1096,tsunoda,0,medium,new
1096,tsunoda,15,hard,new
1096,tsunoda,44,soft,new
1096,albon,0,medium,new
1096,albon,12,hard,new
1096,albon,35,medium,new
1096,gasly,0,soft,new
1096,gasly,14,hard,new
1096,bot,0,hard,new
1096,bot,30,medium,new
1096,schumacher,0,medium,new
1096,schumacher,14,hard,new
1096,schumacher,34,medium,used
1096,magnussen,0,hard,new
1096,magnussen,28,medium,new
1096,ham,0,medium,used
1096,ham,18,hard,new
1096,ham,55,dnf,dnf
1096,latifi,0,medium,new
1096,latifi,15,hard,new
1096,latifi,38,medium,new
1096,latifi,55,dnf,dnf
1096,alonso,0,medium,new
1096,alonso,19,hard,new
1096,alonso,27,dnf,dnf
1095,russell,0,soft,new
1095,russell,24,medium,new
1095,russell,49,soft,used
1095,ham,0,soft,new
1095,ham,29,medium,new
1095,ham,48,soft,used
1095,sainz,0,medium,new
1095,sainz,17,soft,new
1095,sainz,36,medium,new
1095,sainz,53,soft,used
1095,leclerc,0,medium,new
1095,leclerc,7,medium,new
1095,leclerc,21,soft,new
1095,leclerc,44,soft,used
1095,alonso,0,medium,new
1095,alonso,14,medium,new
1095,alonso,35,medium,new
1095,alonso,52,soft,new
1095,verstappen,0,soft,new
1095,verstappen,7,medium,new
1095,verstappen,23,soft,used
1095,verstappen,48,soft,new
1095,perez,0,soft,new
1095,perez,23,medium,new
1095,perez,47,medium,new
1095,ocon,0,soft,new
1095,ocon,24,medium,new
1095,ocon,47,soft,used
1095,bot,0,soft,used
1095,bot,24,medium,new
1095,bot,45,soft,new
1095,stroll,0,medium,used
1095,stroll,29,medium,used
1095,stroll,48,soft,used
1095,vettel,0,soft,new
1095,vettel,26,medium,used
1095,vettel,45,medium,used
1095,zhou,0,soft,used
1095,zhou,16,medium,new
1095,zhou,37,soft,new
1095,schumacher,0,medium,new
1095,schumacher,24,soft,used
1095,schumacher,46,soft,used
1095,gasly,0,soft,new
1095,gasly,19,medium,new
1095,gasly,35,soft,used
1095,gasly,52,medium,new
1095,albon,0,hard,new
1095,albon,4,medium,new
1095,albon,25,medium,new
1095,albon,47,medium,new
1095,latifi,0,medium,new
1095,latifi,20,hard,new
1095,latifi,32,medium,new
1095,latifi,52,soft,new
1095,tsunoda,0,medium,new
1095,tsunoda,20,soft,new
1095,tsunoda,40,soft,new
1095,tsunoda,54,medium,new
1095,norris,0,soft,new
1095,norris,24,medium,new
1095,norris,45,soft,used
1095,norris,50,dnf,dnf
1095,magnussen,0,medium,used
1095,magnussen,0,dnf,dnf
1095,ricciardo,0,soft,used
1095,ricciardo,0,dnf,dnf
1094,verstappen,0,soft,used
1094,verstappen,25,medium,new
1094,ham,0,medium,new
1094,ham,29,hard,new
1094,perez,0,soft,used
1094,perez,23,medium,new
1094,russell,0,medium,new
1094,russell,34,hard,new
1094,russell,69,soft,used
1094,sainz,0,soft,used
1094,sainz,29,medium,new
1094,leclerc,0,soft,used
1094,leclerc,28,medium,new
1094,ricciardo,0,medium,new
1094,ricciardo,44,soft,new
1094,ocon,0,medium,new
1094,ocon,33,hard,new
1094,norris,0,medium,new
1094,norris,31,hard,new
1094,bot,0,medium,new
1094,bot,39,hard,used
1094,gasly,0,medium,new
1094,gasly,40,soft,new
1094,albon,0,medium,new
1094,albon,38,soft,new
1094,zhou,0,medium,new
1094,zhou,45,soft,new
1094,vettel,0,soft,new
1094,vettel,38,medium,used
1094,stroll,0,medium,used
1094,stroll,17,soft,used
1094,stroll,40,soft,new
1094,schumacher,0,soft,used
1094,schumacher,24,medium,new
1094,magnussen,0,medium,new
1094,magnussen,38,soft,used
1094,latifi,0,soft,new
1094,latifi,23,hard,new
1094,latifi,52,soft,new
1094,alonso,0,medium,new
1094,alonso,40,hard,new
1094,alonso,63,dnf,dnf
1094,tsunoda,0,soft,new
1094,tsunoda,29,medium,new
1094,tsunoda,50,dnf,dnf
1093,verstappen,0,medium,new
1093,verstappen,13,hard,new
1093,verstappen,35,medium,new
1093,ham,0,medium,new
1093,ham,12,hard,new
1093,ham,34,hard,new
1093,leclerc,0,medium,new
1093,leclerc,18,hard,new
1093,leclerc,35,medium,new
1093,perez,0,medium,new
1093,perez,14,hard,new
1093,perez,38,medium,new
1093,russell,0,medium,new
1093,russell,13,hard,new
1093,russell,36,hard,new
1093,russell,54,soft,used
1093,norris,0,medium,new
1093,norris,14,hard,new
1093,norris,34,hard,new
1093,alonso,0,hard,new
1093,alonso,18,medium,new
1093,alonso,22,hard,new
1093,vettel,0,medium,used
1093,vettel,18,medium,used
1093,vettel,41,hard,used
1093,magnussen,0,hard,new
1093,magnussen,18,medium,new
1093,tsunoda,0,medium,new
1093,tsunoda,10,medium,new
1093,tsunoda,33,hard,new
1093,ocon,0,hard,new
1093,ocon,18,hard,new
1093,ocon,45,medium,new
1093,albon,0,medium,new
1093,albon,9,medium,new
1093,albon,18,hard,new
1093,zhou,0,medium,new
1093,zhou,9,hard,new
1093,zhou,23,hard,new
1093,gasly,0,medium,new
1093,gasly,11,hard,used
1093,gasly,32,hard,used
1093,schumacher,0,hard,new
1093,schumacher,10,medium,new
1093,schumacher,35,hard,new
1093,latifi,0,medium,new
1093,latifi,5,medium,new
1093,latifi,15,hard,new
1093,stroll,0,medium,used
1093,stroll,15,medium,used
1093,stroll,21,dnf,dnf
1093,bot,0,medium,new
1093,bot,10,hard,new
1093,bot,16,dnf,dnf
1093,sainz,0,medium,new
1093,sainz,3,dnf,dnf
1092,verstappen,0,inter,new
1092,verstappen,2,wet,new
1092,verstappen,7,inter,new
1092,perez,0,inter,new
1092,perez,2,wet,new
1092,perez,7,inter,new
1092,leclerc,0,inter,new
1092,leclerc,2,wet,new
1092,leclerc,7,inter,new
1092,ocon,0,inter,new
1092,ocon,2,wet,new
1092,ocon,7,inter,new
1092,ham,0,inter,used
1092,ham,2,wet,new
1092,ham,7,inter,used
1092,vettel,0,inter,new
1092,vettel,2,wet,new
1092,vettel,5,inter,new
1092,alonso,0,inter,new
1092,alonso,2,wet,new
1092,alonso,8,inter,new
1092,alonso,22,inter,new
1092,russell,0,inter,new
1092,russell,2,wet,new
1092,russell,7,inter,used
1092,latifi,0,inter,new
1092,latifi,2,wet,new
1092,latifi,5,inter,new
1092,norris,0,inter,new
1092,norris,2,wet,new
1092,norris,6,inter,new
1092,ricciardo,0,inter,new
1092,ricciardo,2,wet,new
1092,ricciardo,8,inter,new
1092,stroll,0,inter,new
1092,stroll,2,wet,new
1092,stroll,7,inter,new
1092,stroll,19,inter,new
1092,tsunoda,0,inter,new
1092,tsunoda,2,wet,new
1092,tsunoda,7,inter,new
1092,tsunoda,20,inter,new
1092,magnussen,0,inter,new
1092,magnussen,2,wet,new
1092,magnussen,7,inter,new
1092,bot,0,inter,new
1092,bot,2,wet,new
1092,bot,6,inter,new
1092,zhou,0,inter,new
1092,zhou,2,wet,new
1092,zhou,9,inter,new
1092,zhou,18,inter,new
1092,gasly,0,inter,new
1092,gasly,1,wet,new
1092,gasly,2,wet,new
1092,gasly,7,inter,new
1092,gasly,19,inter,new
1092,schumacher,0,inter,new
1092,schumacher,2,wet,new
1092,schumacher,11,inter,new
1092,albon,0,inter,new
1092,albon,0,dnf,dnf
1092,sainz,0,inter,new
1092,sainz,0,dnf,dnf
1091,perez,0,inter,new
1091,perez,35,medium,new
1091,leclerc,0,inter,new
1091,leclerc,34,medium,new
1091,sainz,0,inter,new
1091,sainz,35,medium,new
1091,norris,0,inter,new
1091,norris,36,medium,new
1091,ricciardo,0,inter,new
1091,ricciardo,36,soft,new
1091,stroll,0,inter,new
1091,stroll,35,medium,new
1091,verstappen,0,inter,new
1091,verstappen,35,medium,new
1091,verstappen,40,soft,new
1091,vettel,0,inter,new
1091,vettel,34,medium,new
1091,ham,0,inter,new
1091,ham,34,medium,new
1091,gasly,0,inter,used
1091,gasly,33,medium,new
1091,bot,0,inter,new
1091,bot,33,soft,new
1091,magnussen,0,inter,new
1091,magnussen,7,inter,used
1091,magnussen,33,medium,new
1091,schumacher,0,inter,new
1091,schumacher,34,medium,new
1091,schumacher,41,soft,new
1091,russell,0,inter,new
1091,russell,21,medium,new
1091,russell,35,medium,new
1091,russell,41,soft,new
1091,russell,51,soft,new
1091,tsunoda,0,inter,used
1091,tsunoda,33,medium,new
1091,tsunoda,34,dnf,dnf
1091,ocon,0,inter,new
1091,ocon,26,dnf,dnf
1091,albon,0,inter,new
1091,albon,25,dnf,dnf
1091,alonso,0,inter,new
1091,alonso,20,dnf,dnf
1091,latifi,0,inter,new
1091,latifi,7,dnf,dnf
1091,zhou,0,inter,new
1091,zhou,6,dnf,dnf
1089,verstappen,0,soft,new
1089,verstappen,25,medium,new
1089,verstappen,48,soft,new
1089,leclerc,0,soft,new
1089,leclerc,12,medium,new
1089,leclerc,33,soft,new
1089,leclerc,48,soft,used
1089,russell,0,soft,new
1089,russell,23,hard,new
1089,russell,47,soft,used
1089,sainz,0,medium,new
1089,sainz,30,soft,new
1089,sainz,47,soft,new
1089,ham,0,medium,new
1089,ham,33,soft,new
1089,perez,0,medium,new
1089,perez,7,hard,new
1089,perez,42,soft,new
1089,norris,0,medium,new
1089,norris,35,soft,used
1089,norris,47,soft,used
1089,gasly,0,medium,new
1089,gasly,18,hard,used
1089,devries,0,soft,new
1089,devries,19,medium,new
1089,zhou,0,medium,new
1089,zhou,18,hard,new
1089,ocon,0,soft,new
1089,ocon,19,soft,new
1089,schumacher,0,medium,new
1089,schumacher,33,soft,new
1089,bot,0,medium,new
1089,bot,35,soft,new
1089,tsunoda,0,medium,new
1089,tsunoda,19,hard,used
1089,tsunoda,47,soft,used
1089,latifi,0,medium,new
1089,latifi,15,hard,new
1089,latifi,47,soft,new
1089,magnussen,0,medium,new
1089,magnussen,24,hard,new
1089,magnussen,46,soft,new
1089,ricciardo,0,medium,new
1089,ricciardo,19,hard,new
1089,ricciardo,45,dnf,dnf
1089,stroll,0,medium,used
1089,stroll,18,hard,used
1089,stroll,39,dnf,dnf
1089,alonso,0,medium,new
1089,alonso,31,dnf,dnf
1089,vettel,0,medium,used
1089,vettel,10,dnf,dnf
1088,verstappen,0,soft,new
1088,verstappen,18,medium,new
1088,verstappen,48,hard,new
1088,verstappen,56,soft,used
1088,russell,0,medium,new
1088,russell,31,hard,new
1088,russell,48,medium,new
1088,russell,57,soft,used
1088,leclerc,0,soft,used
1088,leclerc,17,medium,new
1088,leclerc,45,hard,new
1088,leclerc,56,soft,used
1088,ham,0,medium,new
1088,ham,29,hard,new
1088,ham,48,medium,new
1088,perez,0,soft,used
1088,perez,14,medium,new
1088,perez,40,hard,new
1088,perez,56,medium,new
1088,alonso,0,soft,new
1088,alonso,12,hard,new
1088,alonso,47,soft,new
1088,norris,0,medium,new
1088,norris,17,hard,new
1088,norris,47,soft,used
1088,norris,57,soft,used
1088,sainz,0,soft,used
1088,sainz,14,medium,new
1088,sainz,43,hard,new
1088,sainz,57,soft,used
1088,ocon,0,soft,new
1088,ocon,18,hard,new
1088,ocon,56,soft,used
1088,stroll,0,soft,new
1088,stroll,16,medium,used
1088,stroll,38,hard,used
1088,stroll,56,soft,used
1088,gasly,0,soft,used
1088,gasly,11,medium,used
1088,gasly,32,hard,used
1088,gasly,56,soft,new
1088,albon,0,medium,new
1088,albon,21,medium,new
1088,albon,42,hard,new
1088,albon,55,soft,new
1088,schumacher,0,medium,new
1088,schumacher,13,medium,new
1088,schumacher,33,hard,new
1088,schumacher,47,soft,used
1088,vettel,0,soft,new
1088,vettel,9,medium,used
1088,vettel,35,hard,used
1088,vettel,48,soft,new
1088,magnussen,0,medium,new
1088,magnussen,14,medium,new
1088,magnussen,34,hard,new
1088,magnussen,47,soft,used
1088,zhou,0,soft,new
1088,zhou,12,soft,used
1088,zhou,37,medium,new
1088,zhou,55,soft,used
1088,ricciardo,0,soft,new
1088,ricciardo,11,medium,new
1088,ricciardo,27,hard,new
1088,ricciardo,47,soft,new
1088,ricciardo,55,soft,new
1088,latifi,0,soft,new
1088,latifi,13,medium,new
1088,latifi,26,hard,new
1088,latifi,54,soft,used
1088,bot,0,soft,new
1088,bot,16,soft,new
1088,bot,34,medium,new
1088,bot,53,dnf,dnf
1088,tsunoda,0,soft,used
1088,tsunoda,13,medium,used
1088,tsunoda,42,hard,new
1088,tsunoda,43,dnf,dnf
1087,verstappen,0,soft,new
1087,verstappen,15,medium,new
1087,verstappen,30,medium,new
1087,perez,0,medium,new
1087,perez,14,medium,new
1087,perez,27,hard,new
1087,sainz,0,soft,used
1087,sainz,11,medium,new
1087,sainz,25,hard,new
1087,russell,0,medium,new
1087,russell,13,medium,new
1087,russell,29,hard,new
1087,alonso,0,medium,new
1087,alonso,11,medium,new
1087,alonso,25,hard,new
1087,leclerc,0,soft,new
1087,leclerc,3,medium,new
1087,leclerc,25,medium,new
1087,leclerc,42,soft,used
1087,ocon,0,medium,new
1087,ocon,12,hard,new
1087,ocon,32,medium,new
1087,vettel,0,medium,used
1087,vettel,14,hard,used
1087,vettel,33,medium,used
1087,gasly,0,medium,new
1087,gasly,10,hard,new
1087,gasly,22,medium,new
1087,albon,0,medium,new
1087,albon,10,hard,new
1087,albon,26,medium,new
1087,stroll,0,medium,used
1087,stroll,15,medium,used
1087,stroll,26,hard,used
1087,norris,0,medium,new
1087,norris,13,hard,new
1087,norris,29,medium,new
1087,tsunoda,0,hard,new
1087,tsunoda,18,medium,new
1087,tsunoda,30,medium,new
1087,zhou,0,medium,new
1087,zhou,14,medium,new
1087,zhou,28,soft,new
1087,ricciardo,0,medium,new
1087,ricciardo,12,hard,new
1087,ricciardo,32,medium,new
1087,magnussen,0,medium,new
1087,magnussen,11,hard,new
1087,magnussen,27,medium,new
1087,schumacher,0,medium,new
1087,schumacher,14,hard,new
1087,schumacher,30,medium,new
1087,latifi,0,medium,new
1087,latifi,3,medium,used
1087,latifi,15,hard,new
1087,latifi,34,soft,new
1087,bot,0,soft,new
1087,bot,1,dnf,dnf
1087,ham,0,medium,new
1087,ham,0,dnf,dnf
1086,verstappen,0,soft,used
1086,verstappen,16,medium,new
1086,verstappen,38,medium,new
1086,ham,0,medium,new
1086,ham,19,medium,new
1086,ham,51,soft,used
1086,russell,0,soft,used
1086,russell,16,medium,new
1086,russell,39,medium,new
1086,sainz,0,medium,new
1086,sainz,17,medium,new
1086,sainz,47,soft,used
1086,perez,0,soft,new
1086,perez,18,medium,new
1086,perez,42,medium,new
1086,leclerc,0,medium,new
1086,leclerc,21,medium,new
1086,leclerc,39,hard,new
1086,leclerc,54,soft,used
1086,norris,0,soft,used
1086,norris,14,medium,new
1086,norris,42,hard,new
1086,alonso,0,medium,used
1086,alonso,21,hard,new
1086,ocon,0,medium,new
1086,ocon,23,hard,new
1086,vettel,0,soft,new
1086,vettel,15,medium,used
1086,vettel,46,medium,new
1086,stroll,0,soft,used
1086,stroll,14,medium,used
1086,stroll,46,soft,used
1086,gasly,0,soft,new
1086,gasly,16,medium,new
1086,gasly,46,soft,new
1086,zhou,0,medium,new
1086,zhou,27,hard,new
1086,zhou,51,soft,new
1086,schumacher,0,medium,new
1086,schumacher,21,hard,new
1086,schumacher,41,medium,new
1086,ricciardo,0,soft,used
1086,ricciardo,15,medium,new
1086,ricciardo,46,hard,new
1086,magnussen,0,medium,new
1086,magnussen,6,hard,new
1086,magnussen,35,medium,new
1086,magnussen,67,soft,new
1086,albon,0,soft,new
1086,albon,2,medium,new
1086,albon,21,medium,new
1086,albon,40,soft,new
1086,latifi,0,medium,new
1086,latifi,18,medium,new
1086,latifi,39,soft,new
1086,latifi,56,soft,new
1086,tsunoda,0,soft,new
1086,tsunoda,13,medium,new
1086,tsunoda,33,soft,new
1086,tsunoda,51,soft,used
1086,bot,0,medium,new
1086,bot,26,hard,new
1086,bot,65,dnf,dnf
1085,verstappen,0,medium,new
1085,verstappen,16,hard,new
1085,ham,0,medium,new
1085,ham,18,hard,new
1085,russell,0,medium,new
1085,russell,18,hard,used
1085,perez,0,medium,new
1085,perez,18,hard,new
1085,sainz,0,hard,new
1085,sainz,18,medium,new
1085,sainz,42,medium,new
1085,alonso,0,medium,new
1085,alonso,18,hard,new
1085,norris,0,medium,new
1085,norris,18,hard,new
1085,ocon,0,medium,new
1085,ocon,18,hard,new
1085,ricciardo,0,medium,new
1085,ricciardo,18,hard,new
1085,stroll,0,medium,used
1085,stroll,18,hard,used
1085,vettel,0,medium,used
1085,vettel,19,hard,used
1085,gasly,0,hard,new
1085,gasly,18,medium,new
1085,albon,0,medium,new
1085,albon,18,hard,new
1085,bot,0,hard,new
1085,bot,18,hard,new
1085,bot,36,medium,new
1085,schumacher,0,medium,new
1085,schumacher,9,hard,new
1085,schumacher,18,hard,new
1085,zhou,0,medium,new
1085,zhou,9,hard,new
1085,zhou,22,hard,new
1085,zhou,47,dnf,dnf
1085,latifi,0,medium,new
1085,latifi,19,hard,new
1085,latifi,38,medium,new
1085,latifi,40,dnf,dnf
1085,magnussen,0,medium,new
1085,magnussen,8,hard,new
1085,magnussen,18,hard,new
1085,magnussen,37,dnf,dnf
1085,leclerc,0,medium,new
1085,leclerc,17,dnf,dnf
1085,tsunoda,0,medium,new
1085,tsunoda,11,hard,new
1085,tsunoda,17,dnf,dnf
1084,leclerc,0,medium,new
1084,leclerc,26,hard,new
1084,leclerc,49,hard,new
1084,leclerc,58,medium,new
1084,verstappen,0,medium,new
1084,verstappen,13,hard,new
1084,verstappen,36,hard,new
1084,verstappen,58,medium,new
1084,ham,0,medium,new
1084,ham,28,hard,new
1084,ham,51,medium,new
1084,russell,0,medium,new
1084,russell,11,hard,new
1084,russell,40,hard,used
1084,ocon,0,medium,new
1084,ocon,16,hard,new
1084,ocon,44,hard,new
1084,schumacher,0,medium,new
1084,schumacher,16,hard,new
1084,schumacher,43,hard,new
1084,norris,0,medium,new
1084,norris,14,hard,new
1084,norris,43,hard,new
1084,magnussen,0,medium,new
1084,magnussen,15,hard,new
1084,magnussen,41,hard,new
1084,ricciardo,0,medium,new
1084,ricciardo,12,hard,new
1084,ricciardo,44,hard,new
1084,alonso,0,hard,new
1084,alonso,27,hard,new
1084,alonso,57,medium,new
1084,alonso,58,medium,new
1084,bot,0,medium,new
1084,bot,6,hard,new
1084,bot,39,hard,new
1084,albon,0,medium,new
1084,albon,11,hard,new
1084,albon,41,hard,new
1084,stroll,0,medium,used
1084,stroll,29,hard,used
1084,stroll,48,medium,used
1084,zhou,0,hard,new
1084,zhou,24,hard,new
1084,zhou,46,medium,new
1084,gasly,0,medium,new
1084,gasly,12,hard,new
1084,gasly,40,hard,new
1084,tsunoda,0,hard,new
1084,tsunoda,26,medium,new
1084,tsunoda,46,hard,new
1084,vettel,0,hard,used
1084,vettel,20,medium,used
1084,vettel,44,medium,used
1084,sainz,0,medium,new
1084,sainz,27,hard,new
1084,sainz,50,hard,new
1084,sainz,56,dnf,dnf
1084,latifi,0,medium,new
1084,latifi,12,hard,new
1084,latifi,35,hard,new
1084,latifi,48,dnf,dnf
1084,perez,0,medium,new
1084,perez,1,hard,new
1084,perez,24,dnf,dnf
1083,sainz,0,medium,new
1083,sainz,1,medium,new
1083,sainz,20,hard,new
1083,sainz,39,soft,new
1083,perez,0,medium,new
1083,perez,1,medium,new
1083,perez,5,medium,used
1083,perez,39,soft,new
1083,ham,0,medium,new
1083,ham,1,medium,new
1083,ham,33,hard,new
1083,ham,39,soft,new
1083,leclerc,0,medium,new
1083,leclerc,1,medium,new
1083,leclerc,25,hard,new
1083,alonso,0,medium,new
1083,alonso,1,medium,new
1083,alonso,33,hard,new
1083,alonso,39,soft,new
1083,norris,0,medium,new
1083,norris,34,hard,new
1083,norris,40,soft,new
1083,verstappen,0,soft,new
1083,verstappen,1,medium,new
1083,verstappen,12,medium,new
1083,verstappen,23,hard,new
1083,verstappen,39,soft,new
1083,schumacher,0,medium,used
1083,schumacher,1,medium,new
1083,schumacher,19,hard,new
1083,schumacher,39,soft,new
1083,vettel,0,soft,new
1083,vettel,1,soft,new
1083,vettel,6,medium,used
1083,vettel,39,medium,used
1083,magnussen,0,soft,new
1083,magnussen,1,medium,used
1083,magnussen,22,medium,new
1083,stroll,0,medium,used
1083,stroll,1,medium,used
1083,stroll,15,hard,used
1083,stroll,40,medium,used
1083,latifi,0,soft,new
1083,latifi,1,soft,new
1083,latifi,19,medium,new
1083,latifi,39,soft,used
1083,ricciardo,0,medium,new
1083,ricciardo,20,hard,new
1083,ricciardo,32,soft,new
1083,ricciardo,38,soft,new
1083,tsunoda,0,medium,new
1083,tsunoda,1,soft,new
1083,tsunoda,18,hard,used
1083,tsunoda,38,soft,new
1083,ocon,0,medium,new
1083,ocon,1,soft,new
1083,ocon,22,hard,new
1083,ocon,37,dnf,dnf
1083,gasly,0,medium,new
1083,gasly,1,soft,new
1083,gasly,16,hard,used
1083,gasly,26,dnf,dnf
1083,bot,0,medium,new
1083,bot,1,medium,new
1083,bot,20,dnf,dnf
1083,russell,0,hard,new
1083,russell,0,dnf,dnf
1083,zhou,0,medium,new
1083,zhou,0,dnf,dnf
1083,albon,0,soft,new
1083,albon,0,dnf,dnf
1082,verstappen,0,medium,new
1082,verstappen,9,hard,new
1082,verstappen,43,hard,new
1082,sainz,0,medium,new
1082,sainz,20,hard,new
1082,sainz,49,hard,new
1082,ham,0,medium,new
1082,ham,9,hard,new
1082,ham,44,hard,new
1082,russell,0,medium,new
1082,russell,19,hard,new
1082,russell,45,hard,new
1082,leclerc,0,hard,new
1082,leclerc,41,medium,new
1082,ocon,0,medium,new
1082,ocon,19,hard,new
1082,ocon,49,medium,new
1082,alonso,0,medium,new
1082,alonso,26,hard,new
1082,alonso,43,medium,new
1082,bot,0,hard,new
1082,bot,49,medium,new
1082,zhou,0,medium,new
1082,zhou,19,hard,new
1082,zhou,43,hard,new
1082,stroll,0,hard,new
1082,stroll,47,medium,used
1082,ricciardo,0,medium,new
1082,ricciardo,19,hard,new
1082,ricciardo,49,hard,new
1082,vettel,0,medium,used
1082,vettel,5,hard,used
1082,vettel,19,hard,used
1082,albon,0,medium,new
1082,albon,18,hard,new
1082,albon,48,hard,new
1082,gasly,0,medium,new
1082,gasly,5,hard,new
1082,gasly,36,hard,new
1082,norris,0,hard,new
1082,norris,19,hard,new
1082,norris,42,medium,new
1082,latifi,0,medium,new
1082,latifi,9,hard,new
1082,latifi,37,hard,new
1082,magnussen,0,medium,new
1082,magnussen,7,hard,new
1082,tsunoda,0,medium,new
1082,tsunoda,9,hard,new
1082,tsunoda,47,dnf,dnf
1082,schumacher,0,medium,new
1082,schumacher,18,dnf,dnf
1082,perez,0,hard,new
1082,perez,7,dnf,dnf
1081,verstappen,0,medium,new
1081,verstappen,18,hard,new
1081,verstappen,33,hard,new
1081,perez,0,medium,new
1081,perez,16,hard,new
1081,perez,33,hard,new
1081,russell,0,medium,new
1081,russell,9,hard,new
1081,russell,33,hard,used
1081,ham,0,medium,new
1081,ham,9,hard,new
1081,ham,33,hard,used
1081,gasly,0,medium,new
1081,gasly,9,hard,used
1081,vettel,0,medium,used
1081,vettel,9,hard,used
1081,alonso,0,medium,new
1081,alonso,18,hard,new
1081,ricciardo,0,hard,new
1081,ricciardo,33,medium,new
1081,norris,0,medium,new
1081,norris,20,hard,new
1081,ocon,0,hard,new
1081,ocon,33,medium,new
1081,bot,0,hard,new
1081,bot,33,medium,new
1081,albon,0,medium,new
1081,albon,9,hard,new
1081,albon,29,hard,new
1081,tsunoda,0,medium,new
1081,tsunoda,9,hard,used
1081,tsunoda,38,soft,used
1081,schumacher,0,hard,new
1081,schumacher,9,medium,used
1081,schumacher,23,hard,used
1081,latifi,0,medium,new
1081,latifi,17,hard,new
1081,stroll,0,hard,used
1081,stroll,40,medium,used
1081,stroll,46,dnf,dnf
1081,magnussen,0,medium,used
1081,magnussen,9,hard,new
1081,magnussen,31,dnf,dnf
1081,zhou,0,medium,new
1081,zhou,9,hard,new
1081,zhou,23,dnf,dnf
1081,leclerc,0,medium,new
1081,leclerc,9,hard,new
1081,leclerc,21,dnf,dnf
1081,sainz,0,medium,new
1081,sainz,8,dnf,dnf
1080,perez,0,wet,new
1080,perez,16,inter,new
1080,perez,22,hard,new
1080,perez,30,medium,new
1080,sainz,0,wet,new
1080,sainz,21,hard,new
1080,verstappen,0,wet,new
1080,verstappen,18,inter,new
1080,verstappen,22,hard,new
1080,verstappen,30,medium,new
1080,leclerc,0,wet,new
1080,leclerc,18,inter,new
1080,leclerc,21,hard,new
1080,russell,0,wet,new
1080,russell,21,hard,new
1080,russell,30,medium,new
1080,norris,0,wet,new
1080,norris,17,inter,new
1080,norris,22,hard,new
1080,norris,51,medium,new
1080,alonso,0,wet,new
1080,alonso,21,hard,new
1080,alonso,30,medium,new
1080,ham,0,wet,new
1080,ham,15,inter,new
1080,ham,22,hard,new
1080,ham,30,medium,new
1080,bot,0,wet,new
1080,bot,20,hard,new
1080,vettel,0,wet,new
1080,vettel,6,inter,new
1080,vettel,23,hard,used
1080,gasly,0,wet,new
1080,gasly,2,inter,new
1080,gasly,22,hard,new
1080,ocon,0,wet,new
1080,ocon,21,hard,new
1080,ocon,30,medium,new
1080,ricciardo,0,wet,new
1080,ricciardo,19,hard,new
1080,stroll,0,wet,new
1080,stroll,1,wet,new
1080,stroll,2,inter,new
1080,stroll,24,hard,used
1080,latifi,0,wet,new
1080,latifi,1,wet,new
1080,latifi,2,inter,new
1080,latifi,19,hard,new
1080,latifi,29,medium,new
1080,zhou,0,wet,new
1080,zhou,19,hard,new
1080,zhou,29,medium,new
1080,tsunoda,0,wet,new
1080,tsunoda,6,inter,new
1080,tsunoda,21,hard,new
1080,tsunoda,29,medium,new
1080,tsunoda,56,soft,new
1080,albon,0,wet,new
1080,albon,18,hard,new
1080,albon,22,medium,new
1080,albon,46,dnf,dnf
1080,schumacher,0,wet,new
1080,schumacher,4,inter,new
1080,schumacher,17,hard,new
1080,schumacher,24,dnf,dnf
1080,magnussen,0,wet,new
1080,magnussen,19,dnf,dnf
1079,verstappen,0,soft,used
1079,verstappen,13,medium,new
1079,verstappen,28,soft,used
1079,verstappen,44,medium,new
1079,perez,0,soft,used
1079,perez,17,medium,new
1079,perez,37,medium,new
1079,perez,53,soft,used
1079,russell,0,soft,used
1079,russell,13,medium,new
1079,russell,36,medium,new
1079,russell,51,soft,used
1079,sainz,0,soft,used
1079,sainz,10,medium,new
1079,sainz,31,medium,new
1079,sainz,45,soft,used
1079,ham,0,medium,new
1079,ham,1,soft,used
1079,ham,22,medium,new
1079,ham,48,soft,used
1079,bot,0,soft,used
1079,bot,14,medium,new
1079,bot,34,medium,new
1079,ocon,0,soft,new
1079,ocon,13,medium,new
1079,ocon,35,soft,used
1079,ocon,52,soft,used
1079,norris,0,soft,new
1079,norris,12,medium,new
1079,norris,33,soft,used
1079,norris,51,soft,used
1079,alonso,0,soft,new
1079,alonso,10,medium,new
1079,alonso,31,soft,new
1079,alonso,53,soft,used
1079,tsunoda,0,soft,new
1079,tsunoda,11,medium,new
1079,tsunoda,32,soft,new
1079,tsunoda,52,soft,used
1079,vettel,0,soft,used
1079,vettel,21,soft,used
1079,vettel,42,medium,used
1079,ricciardo,0,soft,used
1079,ricciardo,11,soft,used
1079,ricciardo,31,medium,new
1079,ricciardo,48,soft,used
1079,gasly,0,soft,new
1079,gasly,10,medium,new
1079,gasly,29,soft,used
1079,gasly,46,soft,used
1079,schumacher,0,soft,used
1079,schumacher,12,soft,used
1079,schumacher,30,medium,new
1079,stroll,0,soft,used
1079,stroll,12,soft,used
1079,stroll,27,medium,used
1079,stroll,46,soft,used
1079,latifi,0,soft,new
1079,latifi,12,soft,new
1079,latifi,26,medium,new
1079,latifi,50,soft,used
1079,magnussen,0,soft,used
1079,magnussen,1,medium,new
1079,magnussen,29,hard,new
1079,albon,0,soft,new
1079,albon,11,medium,new
1079,albon,25,soft,new
1079,albon,45,medium,new
1079,albon,54,soft,used
1079,zhou,0,soft,new
1079,zhou,10,medium,new
1079,zhou,28,dnf,dnf
1079,leclerc,0,soft,new
1079,leclerc,21,medium,new
1079,leclerc,27,dnf,dnf
1078,verstappen,0,medium,new
1078,verstappen,26,hard,new
1078,leclerc,0,medium,new
1078,leclerc,24,hard,new
1078,sainz,0,medium,new
1078,sainz,27,hard,new
1078,perez,0,medium,new
1078,perez,27,hard,new
1078,perez,41,medium,new
1078,russell,0,hard,new
1078,russell,40,medium,new
1078,ham,0,medium,new
1078,ham,22,hard,new
1078,bot,0,medium,new
1078,bot,26,hard,new
1078,ocon,0,hard,new
1078,ocon,41,soft,new
1078,verstappen,0,medium,new
1078,verstappen,26,hard,new
1078,alonso,0,medium,new
1078,alonso,15,hard,used
1078,albon,0,medium,new
1078,albon,16,hard,new
1078,ricciardo,0,medium,new
1078,ricciardo,30,hard,new
1078,ricciardo,41,soft,new
1078,stroll,0,hard,used
1078,stroll,40,medium,used
1078,tsunoda,0,medium,new
1078,tsunoda,11,hard,new
1078,tsunoda,41,soft,used
1078,latifi,0,hard,new
1078,latifi,34,medium,new
1078,schumacher,0,medium,new
1078,schumacher,14,hard,new
1078,schumacher,54,medium,new
1078,magnussen,0,medium,new
1078,magnussen,12,hard,new
1078,magnussen,42,medium,new
1078,vettel,0,hard,used
1078,vettel,41,medium,used
1078,vettel,54,dnf,dnf
1078,gasly,0,medium,new
1078,gasly,16,hard,new
1078,gasly,40,soft,used
1078,gasly,45,dnf,dnf
1078,norris,0,medium,new
1078,norris,18,hard,new
1078,norris,39,dnf,dnf
1078,zhou,0,medium,new
1078,zhou,6,dnf,dnf
1077,verstappen,0,inter,new
1077,verstappen,19,medium,new
1077,verstappen,51,soft,new
1077,perez,0,inter,new
1077,perez,18,medium,new
1077,perez,50,soft,new
1077,norris,0,inter,new
1077,norris,19,medium,new
1077,russell,0,inter,new
1077,russell,18,medium,new
1077,bot,0,inter,new
1077,bot,18,medium,new
1077,leclerc,0,inter,new
1077,leclerc,19,medium,new
1077,leclerc,49,soft,new
1077,leclerc,53,soft,used
1077,tsunoda,0,inter,new
1077,tsunoda,18,medium,new
1077,vettel,0,inter,new
1077,vettel,17,medium,used
1077,magnussen,0,inter,new
1077,magnussen,18,medium,used
1077,stroll,0,inter,new
1077,stroll,18,medium,used
1077,albon,0,inter,new
1077,albon,17,medium,new
1077,gasly,0,inter,new
1077,gasly,17,medium,new
1077,ham,0,inter,used
1077,ham,18,medium,new
1077,ocon,0,inter,new
1077,ocon,18,medium,new
1077,zhou,0,inter,new
1077,zhou,18,medium,new
1077,latifi,0,inter,new
1077,latifi,18,medium,new
1077,schumacher,0,inter,new
1077,schumacher,18,medium,used
1077,schumacher,52,soft,new
1077,ricciardo,0,inter,new
1077,ricciardo,2,inter,used
1077,ricciardo,16,medium,new
1077,ricciardo,30,hard,new
1077,alonso,0,inter,new
1077,alonso,6,dnf,dnf
1077,sainz,0,inter,new
1077,sainz,0,dnf,dnf
1076,leclerc,0,medium,new
1076,leclerc,22,hard,new
1076,perez,0,medium,new
1076,perez,20,hard,new
1076,russell,0,medium,new
1076,russell,23,hard,new
1076,ham,0,medium,new
1076,ham,22,hard,new
1076,norris,0,medium,new
1076,norris,20,hard,new
1076,ricciardo,0,medium,new
1076,ricciardo,21,hard,new
1076,ocon,0,medium,new
1076,ocon,17,hard,new
1076,bot,0,medium,new
1076,bot,22,hard,new
1076,gasly,0,medium,new
1076,gasly,21,hard,new
1076,albon,0,hard,new
1076,albon,57,soft,used
1076,zhou,0,medium,new
1076,zhou,21,hard,new
1076,stroll,0,hard,used
1076,stroll,3,medium,used
1076,stroll,4,hard,used
1076,stroll,23,hard,used
1076,schumacher,0,medium,used
1076,schumacher,14,hard,new
1076,magnussen,0,hard,new
1076,magnussen,39,medium,used
1076,tsunoda,0,medium,new
1076,tsunoda,18,hard,new
1076,latifi,0,medium,new
1076,latifi,13,hard,used
1076,latifi,23,hard,new
1076,alonso,0,hard,new
1076,alonso,39,medium,new
1076,alonso,53,medium,new
1076,verstappen,0,medium,new
1076,verstappen,18,hard,new
1076,verstappen,38,dnf,dnf
1076,vettel,0,hard,used
1076,vettel,22,dnf,dnf
1076,sainz,0,hard,used
1076,sainz,1,dnf,dnf